HydroElections,0.53,0.84,0.56,0.685,0.61,0.71,0.41
TXGOOGLE,0.46,0.55,0.44,0.7266666666666666,0.73,0.49,0.52
paparcura,0.7,0.62,0.42,0.49,0.63,0.58,0.55
dwlinzy,0.51,0.75,0.67,0.8615641025641027,0.71,0.72,0.21
BLUETROMOS,0.35,0.41,0.16,0.36,0.35,0.3,0.11
farrightgregy,0.7,0.54,0.36,0.5,0.64,0.37,0.46
constantino_sam,0.71,0.75,0.6,0.61,0.69,0.69,0.4
Davewellwisher,0.8,0.54,0.26,0.45,0.7,0.56,0.71
TrumpDynastyUSA,0.48,0.42,0.47,0.49,0.38,0.23,0.47
KathySholtz,0.3,0.38,0.51,0.18,0.33,0.25,0.16
Hi_Hi_Hi_There,0.68,0.59,0.7879518434631023,0.799392857142857,0.71,0.41,0.7838863574969136
_Cheeki_Breeki_,0.7,0.58,0.7879518434631023,0.7997984433866785,0.58,0.9,0.7838863574969136
SavetheUSNation,0.59,0.46,0.27,0.66,0.51,0.61,0.26
TEXASDENNY,0.54,0.59,0.42,0.43,0.63,0.48,0.3
MyPlace4U,0.36,0.34,0.33,0.44,0.3,0.31,0.21
amrightnow,0.54,0.69,0.38,0.58,0.71,0.66,0.7838863574969136
SameliasH,0.53,0.6,0.48,0.43,0.72,0.55,0.17
AJMcGuire4,0.37,0.44,0.3,0.44,0.41,0.56,0.35
ish10040,0.58,0.43,0.34,0.32,0.37,0.45,0.2
Catdog2many,0.54,0.53,0.33,0.45,0.79,0.47,0.49
StatesPoll,0.51,0.34,0.24,0.53,0.39,0.21,0.69
GooseQuest,0.7,0.58,0.7879518434631023,0.7997984433866785,0.58,0.9,0.7838863574969136
Barb138,0.52,0.5,0.53,0.42,0.73,0.51,0.32
jlogsdon03,0.52,0.41,0.41,0.31,0.54,0.4,0.49
Jim_Peoples_,0.52,0.43,0.34,0.41,0.59,0.39,0.56
JC3Me2,0.44,0.41,0.09,0.48,0.44,0.21,0.36
satirist_indian,0.48,0.45,0.49,0.55,0.66,0.39,0.33
xavvypls,0.66,0.68,0.37,0.68,0.78,0.64,0.21
veganvecoh,0.48,0.5,0.48,0.46,0.69,0.43,0.47
BlackManTrump,0.41,0.81,0.62,0.81,0.65,0.86,0.41
9975Ts,0.52,0.37,0.5,0.61,0.52,0.47,0.55
corrigan_david,0.62,0.43,0.79,0.638,0.55,0.53,0.63
GodsSwornSword,0.61,0.64,0.7879518434631023,0.77,0.59,0.9,0.7838863574969136
FeelTheBern11,0.77,0.64,0.24,0.35,0.71,0.27,0.66
02Cents0,0.74,0.56,0.32,0.61,0.85,0.73,0.3
bfrasier1951,0.49,0.57,0.51,0.67,0.63,0.49,0.42
cindygarrett14,0.51,0.47,0.43,0.53,0.71,0.53,0.35
roqchrisy,0.4,0.56,0.65,0.58,0.56,0.44,0.57
lynn_weiser,0.39,0.37,0.3,0.46,0.47,0.25,0.51
KarrieFleetwood,0.39,0.5,0.24,0.44,0.47,0.44,0.3
Shannon07884884,0.33,0.48,0.23,0.27,0.23,0.4,0.19
magnifier661,0.62,0.6,0.43,0.62,0.66,0.37,0.56
skew11,0.46,0.6,0.4,0.55,0.38,0.4,0.57
Lagartija_Nix,0.3,0.55,0.16,0.37,0.31,0.18,0.35
Sofia03336,0.35,0.41,0.25,0.47,0.34,0.21,0.34
lurking_media,0.48,0.54,0.32,0.37,0.52,0.2,0.31
ambinc1,0.39,0.56,0.5,0.37,0.39,0.4,0.33
abbaeema41,0.23,0.25,0.32,0.56,0.28,0.2,0.35
willie_c,0.47,0.44,0.37,0.41,0.69,0.48,0.1
Conservatexian,0.7,0.56,0.37,0.49,0.75,0.51,0.53
tvogvo,0.34,0.41,0.27,0.52,0.31,0.32,0.37
BoycottHRC,0.44,0.51,0.4,0.52,0.35,0.5,0.29
MarieMa49685063,0.41,0.42,0.35,0.47,0.47,0.42,0.47
Emperors_Finest,0.68,0.56,0.7879518434631023,0.799392857142857,0.79,0.39,0.7838863574969136
narnie4,0.44,0.42,0.37,0.57,0.35,0.44,0.37
HawleysJadefav,0.39,0.36,0.28,0.29,0.37,0.31,0.13
blessenkat,0.41,0.34,0.04,0.28,0.41,0.26,0.43
RickAndKim30yrs,0.3,0.33,0.33,0.53,0.38,0.27,0.26
dreamedofdust,0.56,0.48,0.42,0.72,0.77,0.66,0.46
LindaSuhler,0.55,0.42,0.22,0.58,0.33,0.31,0.67
CAm4Trump,0.49,0.55,0.47,0.47,0.43,0.44,0.48
Joe_America1776,0.54,0.56,0.33,0.68,0.48,0.66,0.38
Maggyw519,0.32,0.33,0.39,0.4,0.16,0.24,0.55
Jesus2Come,0.32,0.36,0.04,0.31,0.32,0.32,0.26
ManMet80,0.53,0.57,0.57,0.55,0.6,0.49,0.44
Paolalopez1971,0.49,0.46,0.48,0.56,0.72,0.51,0.4
Angelmdunn1961,0.43,0.44,0.48,0.62,0.34,0.53,0.56
FLConserve941,0.43,0.41,0.52,0.44,0.39,0.4,0.38
Hydra__News,0.52,0.94,0.64,0.8402460533482703,0.7931471336512232,0.78,0.24
DrSue19380,0.29,0.37,0.29,0.39,0.2,0.39,0.39
ImmoralReport,0.52,0.54,0.27,0.55,0.68,0.45,0.53
DebraMMason1,0.34,0.39,0.3,0.43,0.26,0.3,0.26
powerglobalus,0.31,0.27,0.49,0.41,0.35,0.27,0.25
gerfingerpoken,0.6,0.59,0.56,0.73,0.69,0.44,0.37
SharonMcCutchan,0.41,0.31,0.34,0.41,0.19,0.27,0.56
elvisinoregon,0.42,0.36,0.39,0.48,0.38,0.44,0.21
flappybernie001,0.5,0.73,0.7,0.5173913043478261,0.72,0.855,0.36
casey2513,0.39,0.55,0.35,0.44,0.44,0.42,0.35
Redwhitebluetex,0.28,0.36,0.19,0.19,0.14,0.45,0.17
nancy73gg,0.3,0.56,0.26,0.54,0.51,0.38,0.3
BIGSHOW401,0.42,0.49,0.33,0.44,0.66,0.29,0.33
CookingConquest,0.33,0.41,0.39,0.44,0.46,0.44,0.33
SunnyAtTheGulf,0.16,0.4,0.22,0.49,0.25,0.26,0.29
dale_je,0.37,0.4,0.43,0.52,0.28,0.45,0.46
Lordozz,0.43,0.48,0.1,0.45,0.32,0.22,0.25
KahlerSabrina,0.5,0.46,0.42,0.54,0.66,0.5,0.4
AnnVandersteel,0.28,0.29,0.16,0.44,0.31,0.24,0.08
Scrufey21Me,0.55,0.6,0.15,0.25,0.63,0.39,0.41
LibertySeeds,0.8,0.73,0.38,0.84,0.82,0.66,0.61
49f8f38790164c4,0.41,0.34,0.52,0.39,0.43,0.13,0.23
LindaRockers,0.31,0.36,0.24,0.42,0.34,0.19,0.13
JoanneColombo,0.3,0.32,0.46,0.42,0.34,0.31,0.14
DianneSteiner,0.31,0.49,0.39,0.5,0.26,0.35,0.36
Ronnie60796238,0.26,0.35,0.3,0.31,0.31,0.3,0.25
stk6678,0.39,0.32,0.36,0.42,0.39,0.09,0.21
akawhit1,0.4,0.47,0.25,0.51,0.26,0.58,0.44
ChooChooseU,0.69,0.58,0.7879518434631023,0.6799047619047619,0.73,0.39,0.7838863574969136
JActs1631,0.31,0.36,0.09,0.53,0.19,0.35,0.26
thatgirlsandra5,0.38,0.41,0.31,0.59,0.36,0.36,0.26
Sammie_Snickers,0.28,0.39,0.26,0.44,0.37,0.22,0.22
RoryCross10,0.25,0.34,0.37,0.47,0.38,0.26,0.27
Suntan48,0.49,0.5,0.47,0.45,0.47,0.54,0.47
Ginlefebvre,0.4,0.45,0.29,0.45,0.46,0.37,0.29
CarmenCammarat2,0.25,0.24,0.4,0.31,0.34,0.34,0.33
TrumpTrainOnly,0.36,0.42,0.18,0.54,0.44,0.28,0.3
jizzi1,0.43,0.54,0.49,0.55,0.62,0.42,0.46
marcylauren,0.55,0.49,0.37,0.45,0.53,0.42,0.43
ArtilesDana,0.32,0.39,0.26,0.47,0.24,0.35,0.28
rogerkinkaid,0.19,0.25,0.35,0.29,0.26,0.27,0.12
rafshmatko,0.53,0.62,0.39,0.65,0.59,0.33,0.19
RebeccaFaussett,0.42,0.49,0.21,0.6,0.38,0.42,0.43
UTHornsRawk,0.46,0.43,0.33,0.4,0.49,0.31,0.44
LakersNBAEmpire,0.38,0.46,0.38,0.64,0.73,0.57,0.32
FLMENFORTRUMP,0.4,0.41,0.54,0.45,0.32,0.35,0.29
LovToRideMyTrek,0.51,0.4,0.39,0.6,0.42,0.5,0.3
TMB3000,0.41,0.26,0.18,0.43,0.5,0.22,0.31
sportratz,0.26,0.3,0.44,0.68,0.28,0.32,0.19
VA4DJT,0.5,0.43,0.47,0.56,0.41,0.48,0.25
CybertronShadow,0.63,0.62,0.549441062602607,0.7616666666666667,0.76,0.9,0.7838863574969136
lildg54,0.25,0.42,0.38,0.51,0.3,0.35,0.32
HollyCarolEarls,0.16,0.33,0.42,0.57,0.21,0.27,0.13
BrianFeldbusch,0.3,0.3,0.3,0.42,0.22,0.13,0.36
gerfingerpoken2,0.69,0.66,0.31,0.67,0.78,0.57,0.69
Solutioneer72,0.42,0.39,0.22,0.53,0.31,0.31,0.28
maryjones1417,0.39,0.48,0.52,0.38,0.44,0.48,0.37
adair_brion,0.34,0.3,0.19,0.38,0.42,0.35,0.28
60sReno,0.36,0.43,0.25,0.41,0.58,0.33,0.32
JackieMcReath1,0.57,0.47,0.37,0.6,0.66,0.55,0.39
JoeFreedomLove,0.85,0.74,0.24,0.46,0.77,0.71,0.5
kimberly_kucera,0.34,0.46,0.54,0.5,0.48,0.42,0.32
HawaiiPeople,0.36,0.39,0.18,0.5,0.34,0.3,0.27
MEGA_BURGER,0.7,0.58,0.7879518434631023,0.7997984433866785,0.58,0.9,0.7838863574969136
joehos18,0.47,0.5,0.25,0.53,0.42,0.25,0.6
MannieMforever,0.44,0.41,0.38,0.55,0.54,0.5,0.24
RobShattuckAL06,0.44,0.53,0.27,0.51,0.43,0.64,0.17
rharrisonfries,0.64,0.52,0.45,0.41,0.68,0.45,0.72
hale4jesus,0.35,0.2,0.38,0.46,0.36,0.21,0.48
drofdem,0.52,0.5,0.31,0.47,0.71,0.52,0.25
TeamTrumpTeX,0.31,0.41,0.12,0.55,0.26,0.28,0.27
RealMuckmaker,0.5,0.45,0.4,0.5,0.43,0.23,0.4
alllibertynews,0.5,0.52,0.48,0.55,0.47,0.53,0.72
Jamestoupin,0.43,0.6,0.27,0.44,0.45,0.6,0.28
jamesedgriffin,0.47,0.33,0.18,0.53,0.35,0.46,0.37
ChobanianLouise,0.39,0.29,0.29,0.35,0.63,0.34,0.18
LucySullivan888,0.28,0.31,0.22,0.56,0.44,0.34,0.36
LilyStelmach,0.26,0.33,0.2,0.46,0.3,0.43,0.34
IremTuncel,0.4,0.46,0.33,0.51,0.36,0.31,0.12
piercebboop,0.26,0.24,0.26,0.34,0.3,0.35,0.17
ChristiChat,0.55,0.42,0.11,0.49,0.46,0.32,0.77
DianeBBennett1,0.44,0.54,0.67,0.27,0.6,0.44,0.59
obriensarahj01,0.5,0.41,0.39,0.6,0.66,0.4,0.45
oufenix,0.36,0.46,0.44,0.59,0.16,0.45,0.14
icare4america16,0.29,0.44,0.02,0.32,0.42,0.29,0.21
nancyl367,0.28,0.42,0.42,0.54,0.46,0.45,0.36
RETTinol,0.28,0.51,0.09,0.49,0.2,0.18,0.18
MariEastman,0.27,0.36,0.3,0.46,0.36,0.18,0.14
LindaMo60594098,0.42,0.49,0.33,0.51,0.32,0.39,0.35
paynej247,0.22,0.27,0.23,0.48,0.38,0.2,0.32
lawdawgseven,0.34,0.54,0.45,0.37,0.58,0.54,0.4
MyblueNM,0.43,0.36,0.42,0.54,0.46,0.37,0.2
DonnaRo86165010,0.33,0.46,0.29,0.49,0.41,0.29,0.33
4Freedom4ever,0.31,0.38,0.26,0.55,0.35,0.39,0.32
scout1881,0.34,0.51,0.22,0.54,0.45,0.24,0.38
secularstupiddd,0.44,0.42,0.42,0.55,0.43,0.45,0.45
tammywalt61,0.34,0.38,0.34,0.48,0.42,0.25,0.21
equityteam1,0.48,0.47,0.35,0.4,0.47,0.45,0.42
luxorgroup,0.31,0.39,0.3,0.48,0.29,0.26,0.36
theRealFlappyTr,0.47,0.9,0.67,0.34,0.7931471336512232,0.7653333333333333,0.13
TerreBehlog,0.34,0.43,0.35,0.5,0.3,0.39,0.3
CherishedSolace,0.42,0.39,0.19,0.47,0.47,0.5,0.39
jmansour52,0.45,0.48,0.25,0.46,0.42,0.4,0.19
PrometheusLaw,0.48,0.72,0.2,0.7090476190476189,0.76,0.64,0.05
Denise7Berry,0.33,0.47,0.33,0.4,0.41,0.23,0.24
DebHiers1,0.41,0.36,0.41,0.38,0.38,0.42,0.32
TrumpGo_2016,0.75,0.6,0.4,0.5,0.83,0.53,0.51
missjonieooaks,0.37,0.27,0.36,0.34,0.38,0.28,0.12
RogerForTRUMP,0.55,0.44,0.4,0.6,0.75,0.53,0.34
SharNeal,0.44,0.5,0.22,0.62,0.3,0.53,0.28
aniIkuriakose,0.27,0.22,0.1,0.45,0.25,0.27,0.11
bfraser747,0.66,0.49,0.37,0.49,0.6,0.39,0.61
jajones338,0.33,0.39,0.27,0.6,0.4,0.41,0.44
ChrisBragdon,0.37,0.56,0.45,0.56,0.37,0.47,0.35
jrbkjrbk,0.32,0.44,0.37,0.33,0.31,0.51,0.29
skyjones55,0.42,0.48,0.28,0.41,0.37,0.48,0.27
The_Last_NewsPa,0.69,0.58,0.41,0.5,0.74,0.62,0.59
VoteDJT,0.45,0.7,0.48,0.8,0.54,0.66,0.43
flee8250aolcom,0.47,0.45,0.15,0.38,0.57,0.36,0.32
APOYODECHILE,0.32,0.4,0.31,0.46,0.3,0.45,0.3
Sephiroth__J,0.55,0.38,0.45,0.38,0.74,0.35,0.75
Rosa1234tejana,0.35,0.4,0.13,0.41,0.34,0.28,0.13
DianaChic1,0.35,0.44,0.4,0.53,0.38,0.34,0.39
CiciGtz,0.29,0.38,0.28,0.27,0.4,0.41,0.27
GAlkadi,0.42,0.45,0.36,0.31,0.57,0.55,0.49
StopStopHillary,0.48,0.21,0.36,0.52,0.51,0.34,0.65
vision835,0.46,0.39,0.18,0.37,0.52,0.2,0.21
woitekj,0.42,0.48,0.41,0.57,0.44,0.35,0.27
timgw37,0.58,0.51,0.41,0.61,0.34,0.6,0.56
wendyvoss,0.38,0.28,0.38,0.35,0.29,0.15,0.78
bp207crafts,0.32,0.3,0.31,0.39,0.23,0.35,0.29
IRISHHEAVYT,0.51,0.36,0.4,0.36,0.48,0.47,0.33
Federalist46,0.54,0.62,0.41,0.77,0.6,0.55,0.5
HailHydrox,0.73,0.57,0.5981981981981982,0.814317480163051,0.6,0.93,0.8
cahulaan,0.41,0.48,0.21,0.42,0.34,0.16,0.18
CJLavallee,0.44,0.5,0.49,0.4,0.4,0.42,0.33
winstar1k,0.43,0.41,0.26,0.38,0.26,0.46,0.16
FrenchForTrump,0.55,0.48,0.42,0.52,0.43,0.4,0.58
joepalojoe,0.59,0.59,0.3,0.13,0.61,0.25,0.68
jjmplsmn,0.36,0.4,0.46,0.35,0.47,0.44,0.27
Rosenchild,0.38,0.37,0.23,0.44,0.2,0.32,0.28
mowser1970,0.45,0.46,0.37,0.71,0.69,0.57,0.31
TeamTrumpAZ,0.57,0.53,0.39,0.45,0.54,0.39,0.53
jimboazil,0.38,0.46,0.48,0.52,0.41,0.46,0.41
idesignwis,0.42,0.54,0.45,0.64,0.54,0.51,0.37
Willsdarlin,0.51,0.43,0.45,0.61,0.61,0.49,0.37
ArtmanJanet,0.4,0.45,0.39,0.59,0.49,0.41,0.3
Brendag38323989,0.52,0.39,0.45,0.49,0.64,0.39,0.48
amerycarlson,0.33,0.51,0.41,0.38,0.44,0.46,0.29
missb62,0.51,0.42,0.45,0.47,0.59,0.52,0.43
lovingmykids65,0.34,0.37,0.36,0.45,0.24,0.19,0.25
szucrm,0.44,0.5,0.41,0.37,0.64,0.48,0.39
rickybobby90210,0.46,0.45,0.2,0.48,0.36,0.27,0.35
FOXuknews,0.59,0.65,0.48,0.6,0.67,0.62,0.47
chris63414391,0.43,0.43,0.35,0.56,0.46,0.38,0.42
JulieCa92128716,0.43,0.52,0.46,0.54,0.64,0.59,0.37
DesdeFlorida,0.43,0.32,0.21,0.47,0.4,0.47,0.38
TheJonFerns,0.46,0.56,0.38,0.53,0.64,0.5,0.41
CIABillWilson,0.29,0.29,0.28,0.37,0.42,0.26,0.19
ElToro51477173,0.34,0.42,0.15,0.36,0.46,0.26,0.36
jamiechance05,0.35,0.48,0.36,0.53,0.42,0.39,0.28
tmmckinney777,0.39,0.44,0.4,0.5,0.4,0.3,0.26
Jellybean4Trump,0.28,0.32,0.33,0.23,0.4,0.29,0.1
SnappyBHS,0.44,0.48,0.4,0.64,0.53,0.39,0.43
yayala19,0.32,0.41,0.25,0.43,0.38,0.21,0.15
gary_cardio1501,0.5,0.52,0.44,0.38,0.6,0.41,0.47
Ahurastan,0.45,0.33,0.38,0.41,0.26,0.25,0.33
USATopGuns,0.41,0.49,0.47,0.58,0.45,0.46,0.28
STRONG_OPED,0.36,0.35,0.18,0.31,0.29,0.3,0.68
organic2016,0.38,0.46,0.32,0.45,0.43,0.36,0.5
LedaNeilson,0.55,0.46,0.46,0.53,0.61,0.46,0.41
1099rock,0.31,0.41,0.18,0.31,0.22,0.29,0.22
ptydale1001,0.33,0.22,0.19,0.52,0.29,0.28,0.17
rachelkingmakeu,0.45,0.51,0.57,0.43,0.64,0.62,0.42
JohnReesePOl,0.44,0.45,0.48,0.25,0.38,0.41,0.31
JamesKennethBo2,0.36,0.26,0.38,0.43,0.32,0.25,0.32
bmangh,0.5,0.46,0.32,0.42,0.37,0.16,0.39
brenz1,0.44,0.17,0.12,0.43,0.38,0.21,0.18
VicCampbell,0.31,0.3,0.27,0.37,0.43,0.34,0.19
Race4President,0.48,0.48,0.19,0.45,0.25,0.5,0.46
Sanders24200,0.39,0.49,0.56,0.26,0.63,0.54,0.34
Richieamx,0.54,0.4,0.3,0.6,0.58,0.42,0.41
cyvillarreal,0.42,0.49,0.5,0.52,0.61,0.37,0.43
cut_the_crap_ec,0.38,0.46,0.39,0.58,0.44,0.3,0.13
Z3pp3in,0.34,0.33,0.29,0.37,0.23,0.27,0.26
Kathyco44813484,0.38,0.34,0.43,0.48,0.29,0.51,0.23
DonaldT4Prez,0.33,0.43,0.09,0.42,0.31,0.43,0.29
mrsbiglaw1,0.37,0.39,0.35,0.47,0.33,0.37,0.14
GoldStarMomTX55,0.59,0.3,0.16,0.52,0.47,0.36,0.56
Msiclvr58,0.28,0.51,0.17,0.49,0.39,0.28,0.32
IsHillarySucks,0.46,0.53,0.74,0.47,0.48,0.51,0.55
ResidentOfFL,0.44,0.38,0.49,0.36,0.41,0.45,0.47
mccraw_birkie5,0.33,0.46,0.2,0.46,0.17,0.3,0.26
tantestrain,0.26,0.26,0.31,0.54,0.34,0.3,0.3
Lili6Lin,0.56,0.4,0.52,0.35,0.61,0.46,0.46
melanimitchel,0.61,0.93,0.81,0.8402460533482703,0.7931471336512232,0.75,0.34
dlkvaoh2015,0.38,0.52,0.42,0.29,0.27,0.42,0.24
SarahJRossiter2,0.43,0.43,0.45,0.4,0.53,0.53,0.24
louis3288,0.52,0.42,0.27,0.52,0.49,0.51,0.32
CutiePetunie,0.32,0.45,0.34,0.4,0.27,0.21,0.34
SaveAslave,0.24,0.34,0.17,0.43,0.26,0.48,0.33
JCArgentum,0.33,0.42,0.18,0.3,0.35,0.35,0.26
Eyes_of_justice,0.55,0.47,0.28,0.32,0.52,0.3,0.52
jtblogs,0.49,0.38,0.33,0.47,0.54,0.3,0.41
skorpyos,0.25,0.35,0.43,0.3,0.3,0.29,0.37
WrendyKulick,0.41,0.39,0.64,0.3,0.48,0.49,0.42
brendanoe60,0.47,0.34,0.53,0.54,0.37,0.36,0.26
silversageLulu,0.37,0.43,0.45,0.51,0.36,0.35,0.21
Plantflowes,0.31,0.26,0.33,0.45,0.3,0.38,0.2
ElizbethLManess,0.45,0.45,0.19,0.56,0.39,0.34,0.57
deanawa55339161,0.41,0.45,0.3,0.6,0.43,0.4,0.2
adboa95,0.37,0.54,0.2,0.33,0.38,0.23,0.26
KeepAmerGr8,0.57,0.53,0.29,0.57,0.5,0.42,0.51
bigboater88,0.42,0.38,0.37,0.46,0.69,0.26,0.59
NarrendraM,0.62,0.61,0.32,0.6,0.7,0.57,0.36
bzazzie,0.41,0.28,0.36,0.47,0.41,0.37,0.57
CaptainWrongway,0.38,0.38,0.32,0.3,0.23,0.4,0.14
mgd2278,0.38,0.49,0.39,0.48,0.26,0.44,0.32
JulesSiscoe,0.42,0.43,0.32,0.32,0.42,0.4,0.32
DclareDiane,0.41,0.44,0.23,0.13,0.4,0.19,0.21
angelinthepine,0.25,0.26,0.14,0.45,0.37,0.19,0.24
la700,0.62,0.47,0.55,0.61,0.62,0.56,0.21
Big_Tickets,0.33,0.62,0.4,0.54,0.35,0.33,0.16
tonyponysanmore,0.42,0.47,0.15,0.31,0.43,0.4,0.13
stockguy61,0.38,0.35,0.18,0.46,0.44,0.315,0.2
markhplant,0.36,0.31,0.25,0.55,0.3,0.27,0.34
MNettiePalmer,0.48,0.46,0.43,0.52,0.57,0.49,0.43
syqau,0.59,0.4,0.41,0.43,0.62,0.23,0.29
civello_cherise,0.33,0.43,0.3,0.58,0.41,0.3,0.35
qkode,0.69,0.4,0.32,0.55,0.64,0.21,0.43
Thad8920,0.23,0.32,0.24,0.4,0.31,0.34,0.24
mkues65,0.63,0.34,0.26,0.61,0.52,0.44,0.49
MDavidMorris2,0.5,0.53,0.44,0.52,0.46,0.38,0.37
SPA11CE,0.3,0.54,0.33,0.47,0.38,0.35,0.31
clark7950,0.45,0.42,0.33,0.49,0.44,0.24,0.27
orlandoandresm4,0.41,0.49,0.37,0.52,0.3,0.28,0.29
MaxCUA,0.63,0.49,0.41,0.36,0.69,0.42,0.55
PA4TRUMP2016,0.36,0.53,0.47,0.54,0.53,0.52,0.31
PatPatojson,0.55,0.57,0.37,0.44,0.64,0.54,0.5
AnthonyBourque,0.44,0.46,0.35,0.35,0.67,0.47,0.31
kaekykyn,0.54,0.4,0.22,0.53,0.49,0.43,0.28
MousseauJim,0.52,0.38,0.34,0.48,0.57,0.45,0.42
TheDailyDigest,0.45,0.64,0.2,0.46,0.67,0.64,0.23
sunnyallamerica,0.33,0.33,0.2,0.39,0.24,0.26,0.32
dyesdive,0.43,0.41,0.42,0.47,0.61,0.53,0.27
deplorable111,0.23,0.32,0.04,0.25,0.34,0.28,0.36
Debbierg51,0.39,0.52,0.3,0.21,0.39,0.33,0.35
pattiewhi1,0.5,0.54,0.45,0.4,0.62,0.49,0.39
americansr4DT,0.32,0.44,0.29,0.59,0.38,0.44,0.41
MyCrashIs,0.24,0.41,0.39,0.55,0.29,0.28,0.11
sokeijarhead,0.38,0.38,0.17,0.24,0.39,0.24,0.41
Iamnowblue,0.34,0.43,0.21,0.54,0.34,0.41,0.28
SherriePinkston,0.4,0.44,0.58,0.45,0.5,0.5,0.69
vcapozzi2,0.37,0.35,0.13,0.54,0.33,0.28,0.18
truckermarkc,0.3,0.4,0.35,0.32,0.32,0.53,0.17
DanaRuxi123,0.39,0.27,0.11,0.45,0.3,0.33,0.35
gusta_ri,0.28,0.44,0.28,0.4,0.26,0.48,0.17
norvilgirl,0.25,0.24,0.18,0.54,0.39,0.34,0.3
BostonForTrump,0.57,0.58,0.27,0.23,0.64,0.34333333333333327,0.46
porkrus,0.57,0.59,0.57,0.42,0.65,0.9,0.7838863574969136
funder,0.51,0.46,0.38,0.51,0.43,0.32,0.36
BeccaAZ73,0.45,0.55,0.63,0.5,0.59,0.44,0.48
MiriamUSA82,0.5,0.45,0.49,0.54,0.74,0.53,0.32
EduardQualls,0.41,0.39,0.4,0.25,0.53,0.29,0.13
sylvesterbrenda,0.6,0.44,0.49,0.36,0.63,0.43,0.39
Shade58b,0.46,0.54,0.37,0.36,0.61,0.59,0.26
babysgramma,0.29,0.3,0.29,0.61,0.33,0.28,0.21
TammieW76139285,0.32,0.29,0.21,0.46,0.28,0.25,0.22
MarcDavidGaudry,0.5,0.41,0.61,0.2,0.4,0.54,0.38
deploraBill,0.31,0.35,0.3,0.52,0.41,0.35,0.47
MegFord7,0.4,0.39,0.32,0.52,0.46,0.39,0.11
CelesteMontoy19,0.32,0.42,0.34,0.5,0.32,0.43,0.28
mlong42947,0.44,0.33,0.44,0.54,0.33,0.41,0.63
JulieCTaylor,0.4,0.46,0.36,0.63,0.29,0.4,0.24
sunserger,0.33,0.38,0.45,0.45,0.45,0.38,0.05
JewelsinMo,0.43,0.47,0.22,0.48,0.35,0.29,0.19
SICKHRC,0.39,0.45,0.27,0.45,0.4,0.13,0.3
held_jana,0.34,0.38,0.31,0.37,0.42,0.41,0.23
Patta47cake,0.5,0.43,0.27,0.49,0.6,0.45,0.19
Leticia17922167,0.43,0.55,0.49,0.59,0.48,0.43,0.27
ripperroo2021,0.43,0.47,0.45,0.22,0.67,0.57,0.4
JeannePence,0.31,0.42,0.45,0.38,0.3,0.44,0.37
a3auntie,0.44,0.31,0.19,0.45,0.41,0.26,0.42
SoniaO529,0.2,0.35,0.27,0.54,0.3,0.29,0.28
KermitTheKush,0.42,0.42,0.45,0.3,0.61,0.55,0.43
kjolevy,0.45,0.39,0.48,0.23,0.5,0.55,0.32
joej2020usa,0.5,0.5,0.29,0.25,0.47,0.3,0.27
iVote_Trump,0.67,0.76,0.5993333333333334,0.07,0.7931471336512232,0.7,0.06
shybambi83,0.24,0.36,0.34,0.21,0.24,0.32,0.17
We_R_Trump,0.51,0.39,0.15,0.3,0.36,0.16,0.44
NJdoc,0.52,0.49,0.47,0.31,0.49,0.39,0.58
EyeGloArts,0.35,0.37,0.37,0.41,0.41,0.38,0.25
ccbean1965,0.33,0.37,0.22,0.43,0.29,0.46,0.23
angiedetroya,0.5,0.53,0.57,0.46,0.69,0.37,0.36
Livefree4today,0.35,0.37,0.29,0.45,0.46,0.4,0.3
FilipDobi,0.38,0.49,0.68,0.37,0.48,0.49,0.51
MeatballMom2,0.24,0.29,0.16,0.35,0.3,0.26,0.29
ErengwaM,0.37,0.44,0.38,0.46,0.36,0.39,0.27
inittowinit007,0.59,0.55,0.39,0.63,0.71,0.52,0.51
Cryogenik28,0.34,0.4,0.24,0.52,0.39,0.33,0.12
MeyerMihaela,0.25,0.37,0.39,0.35,0.34,0.42,0.19
hrhjmm,0.32,0.32,0.33,0.66,0.35,0.37,0.3
scottvic111,0.31,0.43,0.35,0.59,0.3,0.53,0.26
Kenfriend5,0.19,0.46,0.32,0.21,0.27,0.19,0.05
JoanneTarpon07,0.44,0.49,0.37,0.43,0.57,0.31,0.31
USA_with_Trump,0.4,0.29,0.18,0.16,0.26,0.29,0.39
CalderonHenk,0.3,0.37,0.45,0.59,0.22,0.39,0.33
OlafTheGodi,0.25,0.3,0.28,0.29,0.23,0.24,0.2
kf4bef,0.44,0.39,0.3,0.77,0.42,0.43,0.46
jmeclk,0.35,0.39,0.4,0.44,0.48,0.42,0.32
MarilynJLevins1,0.42,0.46,0.32,0.39,0.38,0.48,0.29
rigbee17,0.24,0.37,0.4,0.28,0.36,0.32,0.13
Snikk,0.24,0.26,0.1,0.37,0.37,0.26,0.14
MaeroCarol,0.46,0.3,0.26,0.34,0.63,0.31,0.22
DmcpartlDavid,0.3,0.48,0.35,0.15,0.24,0.49,0.23
FoodPicsForYou,0.62,0.57,0.7879518434631023,0.77,0.72,0.9,0.7838863574969136
sparkyNadine,0.58,0.56,0.41,0.39,0.64,0.42,0.19
shivie,0.49,0.42,0.57,0.44,0.58,0.53,0.39
stormestone,0.31,0.27,0.47,0.39,0.18,0.28,0.18
hckysnyder,0.44,0.48,0.22,0.53,0.44,0.54,0.41
bibifl59,0.47,0.32,0.4,0.44,0.46,0.17,0.18
Xaniatube,0.64,0.57,0.72,0.48,0.49,0.52,0.75
DBHnBuckhead,0.39,0.39,0.37,0.5,0.26,0.17,0.39
CasperMomNJ,0.34,0.4,0.4,0.4,0.39,0.17,0.41
az_valentine,0.47,0.4,0.26,0.11,0.45,0.53,0.35
hypnocoach183,0.42,0.47,0.39,0.34,0.48,0.27,0.13
BillLonbeck,0.4,0.41,0.29,0.53,0.66,0.41,0.67
RosalesRosina,0.44,0.47,0.31,0.43,0.56,0.49,0.3
Trmpwin,0.42,0.33,0.05,0.56,0.37,0.37,0.38
GiGito31959,0.34,0.45,0.46,0.5,0.36,0.39,0.37
RyanResign,0.31,0.24,0.32,0.48,0.43,0.32,0.23
US_Army_Vet,0.46,0.51,0.25,0.5,0.35,0.25,0.53
MikeJackson9701,0.43,0.5,0.31,0.38,0.51,0.42,0.34
AmericasInPeril,0.44,0.48,0.42,0.41,0.72,0.44,0.26
PolticsNewz,0.78,0.56,0.26,0.32,0.66,0.57,0.63
lisajnc1951,0.36,0.33,0.21,0.5,0.32,0.28,0.18
DeonneDubarry,0.31,0.57,0.41,0.16,0.35,0.33,0.17
DukeofEarlDD,0.48,0.46,0.59,0.56,0.47,0.52,0.34
keating_eleanor,0.34,0.37,0.27,0.33,0.34,0.38,0.27
IrishSix1,0.27,0.36,0.28,0.39,0.28,0.32,0.21
IamSeerious,0.35,0.39,0.22,0.29,0.4,0.33,0.08
Billright50,0.4,0.32,0.24,0.65,0.36,0.26,0.2
zoombouse,0.45,0.45,0.47,0.4,0.48,0.5,0.4
goldy_levy,0.24,0.26,0.17,0.44,0.17,0.1,0.14
ktrav123,0.41,0.4,0.33,0.33,0.41,0.31,0.35
TridentRed,0.41,0.54,0.53,0.69,0.31,0.54,0.14
Zelidasquare,0.31,0.32,0.21,0.56,0.33,0.37,0.39
BonnieGranny,0.53,0.32,0.26,0.45,0.52,0.39,0.4
grannygethealth,0.24,0.49,0.17,0.46,0.16,0.3,0.34
lisaturnerdecor,0.25,0.35,0.28,0.31,0.5,0.48,0.17
LindaGarriss,0.53,0.43,0.24,0.46,0.42,0.2,0.32
Ramdog1980,0.55,0.54,0.14,0.35,0.44,0.34,0.28
deliamcmanus,0.43,0.39,0.26,0.38,0.6,0.4,0.21
MickBlair54,0.42,0.51,0.24,0.43,0.51,0.19,0.39
HotNostrilsrFun,0.29,0.38,0.17,0.55,0.21,0.18,0.41
irisnahmany,0.27,0.3,0.2,0.46,0.29,0.4,0.13
1isten_up,0.35,0.33,0.38,0.38,0.47,0.3,0.17
arclight4507,0.34,0.34,0.37,0.37,0.31,0.46,0.07
Chris11962,0.39,0.38,0.35,0.48,0.34,0.26,0.38
DawnSwe12515208,0.15,0.23,0.3,0.21,0.14,0.11,0.19
WeinfeldRuth,0.36,0.38,0.29,0.32,0.25,0.3,0.17
ObamaStopTPP,0.75,0.36,0.15,0.39,0.69,0.18,0.46
Heinzilla,0.34,0.28,0.21,0.35,0.41,0.28,0.12
TomthunkitsMind,0.72,0.5,0.45,0.66,0.88,0.66,0.39
GailHorn,0.39,0.55,0.48,0.25,0.49,0.52,0.47
JVER1,0.62,0.56,0.37,0.52,0.2,0.55,0.53
hyezone,0.27,0.39,0.23,0.36,0.24,0.42,0.19
hugva3,0.36,0.36,0.18,0.48,0.34,0.41,0.25
ZaneMaxs,0.33,0.47,0.27,0.45,0.31,0.37,0.31
LaVerneWright13,0.48,0.43,0.18,0.41,0.58,0.29,0.41
TruVoice30,0.3,0.42,0.17,0.52,0.35,0.34,0.13
Newyorker2212,0.42,0.43,0.26,0.53,0.55,0.46,0.31
WilliamMauldin9,0.46,0.45,0.29,0.36,0.64,0.41,0.3
ncarolina7516,0.61,0.67,0.22,0.51,0.76,0.67,0.4
CathyGV61,0.43,0.35,0.27,0.51,0.33,0.48,0.29
Col_Connaughton,0.72,0.68,0.68,0.78,0.77,0.5,0.3
voiletsareblue,0.26,0.5,0.44,0.38,0.37,0.53,0.18
WomenWorldNews1,0.7,0.73,0.5,0.65,0.62,0.45,0.55
Byrlyne,0.21,0.33,0.15,0.47,0.37,0.4,0.25
joycekevon,0.55,0.46,0.4,0.52,0.72,0.57,0.34
PMgeezer,0.51,0.48,0.19,0.22,0.51,0.29,0.49
TinaJ4Trump,0.38,0.4,0.29,0.36,0.64,0.59,0.42
sampson_elaine,0.33,0.26,0.19,0.38,0.33,0.42,0.35
tadams1234bg,0.25,0.42,0.45,0.42,0.24,0.34,0.22
ncvotesfortrump,0.31,0.44,0.34,0.45,0.33,0.31,0.12
TeamTrumpCO,0.54,0.57,0.3,0.59,0.6,0.41,0.25
Deplorable_X,0.38,0.3,0.38,0.24,0.52,0.46,0.21
Arbara0728B,0.3,0.47,0.12,0.36,0.3,0.36,0.16
Lookupcolorado2,0.32,0.28,0.28,0.34,0.43,0.41,0.57
AliceCoven,0.26,0.46,0.16,0.54,0.22,0.32,0.3
BubashLance,0.31,0.35,0.47,0.38,0.3,0.44,0.17
PhyllisHart16,0.54,0.48,0.26,0.46,0.67,0.49,0.45
EvilJuiceyOne,0.37,0.5,0.4,0.54,0.34,0.43,0.26
MAMASLAVV,0.38,0.28,0.27,0.48,0.28,0.39,0.24
cassidyphoenyx,0.38,0.44,0.21,0.53,0.26,0.2,0.31
STERLINGMHOLMES,0.76,0.82,0.24,0.54,0.73,0.67,0.31
jwaters142,0.38,0.46,0.23,0.54,0.43,0.325,0.21
EJLandwehr,0.33,0.41,0.37,0.46,0.33,0.17,0.32
HarryAnd7171,0.31,0.37,0.31,0.37,0.36,0.45,0.12
BPPope,0.41,0.45,0.41,0.57,0.37,0.38,0.3
Joycep7777,0.35,0.36,0.16,0.51,0.29,0.1,0.18
perfectsliders,0.68,0.38,0.34,0.55,0.43,0.33,0.5
_politic_us_,0.42,0.69,0.34,0.5912380952380952,0.66,0.6,0.21
TheCoffeeHeaven,0.45,0.48,0.48,0.44,0.7,0.58,0.46
DrakeRickdrake1,0.47,0.51,0.47,0.32,0.46,0.56,0.47
nooneishere51,0.37,0.39,0.2,0.46,0.25,0.3,0.29
lisareiss,0.34,0.27,0.35,0.6,0.34,0.32,0.15
RealTimeHack,0.69,0.54,0.38,0.81,0.75,0.43,0.43
misstozak,0.25,0.33,0.23,0.45,0.36,0.15,0.16
Maxinerunner,0.47,0.44,0.44,0.69,0.35,0.48,0.46
rtoberl,0.4,0.54,0.32,0.45,0.34,0.3,0.57
JimDesert1,0.43,0.35,0.21,0.52,0.45,0.28,0.34
CarmineZozzora,0.55,0.41,0.25,0.33,0.33,0.22,0.8
TimerUsa,0.5,0.57,0.44,0.38,0.42,0.65,0.54
AndreaQtown,0.54,0.5,0.28,0.38,0.61,0.44,0.36
DagnyRed,0.41,0.34,0.21,0.43,0.45,0.44,0.24
Kawney2,0.5,0.45,0.24,0.44,0.63,0.46,0.23
KNP2BP,0.4,0.48,0.43,0.57,0.46,0.33,0.6
deejay90192,0.61,0.47,0.39,0.46,0.55,0.26,0.42
mommags2579,0.36,0.35,0.38,0.61,0.33,0.45,0.32
808gardeniaG,0.41,0.56,0.46,0.43,0.47,0.52,0.36
OccuWorld,0.59,0.39,0.7,0.52,0.8,0.58,0.53
sapmcdowell,0.52,0.42,0.35,0.64,0.57,0.54,0.31
GDeplorable,0.3,0.28,0.18,0.37,0.23,0.24,0.2
JerryWact,0.37,0.43,0.32,0.39,0.37,0.5,0.26
MccurleyMaureen,0.52,0.56,0.18,0.54,0.62,0.44,0.39
gullymn49,0.4,0.34,0.16,0.37,0.29,0.22,0.28
rorlolson,0.42,0.45,0.2,0.53,0.38,0.41,0.24
trumpemall,0.36,0.3,0.28,0.64,0.31,0.3,0.3
gnoh_sandra,0.37,0.32,0.35,0.47,0.48,0.34,0.3
AndreFrato,0.57,0.46,0.43,0.31,0.63,0.4,0.21
Patriot_Girl_TX,0.24,0.27,0.39,0.65,0.22,0.31,0.34
HambySr,0.5,0.52,0.41,0.44,0.62,0.26,0.2
MAGAnNoHate,0.4,0.44,0.24,0.47,0.38,0.43,0.41
LisaKBromley,0.36,0.43,0.27,0.39,0.31,0.36,0.17
johnnyreb1864,0.31,0.44,0.41,0.48,0.19,0.33,0.42
M5B1tch,0.31,0.32,0.28,0.44,0.21,0.39,0.28
connieSuver,0.55,0.57,0.51,0.6,0.69,0.34,0.4
innehall,0.55,0.34,0.28,0.17,0.58,0.36,0.62
RiggyQueen,0.35,0.45,0.28,0.41,0.29,0.21,0.17
JuniorTennis_TV,0.38,0.27,0.26,0.54,0.36,0.34,0.4
deplorablechcki,0.3,0.35,0.31,0.46,0.32,0.3,0.2
NoThiefs,0.66,0.52,0.43,0.76,0.78,0.53,0.6
WendyPrince2,0.47,0.54,0.1,0.43,0.53,0.22,0.26
SlidinDelta,0.28,0.3,0.12,0.3,0.27,0.25,0.2
lauracgilleslil,0.43,0.45,0.2,0.43,0.39,0.24,0.31
GregScheinert,0.52,0.5,0.35,0.47,0.47,0.51,0.4
femalediogenes,0.42,0.42,0.31,0.45,0.49,0.39,0.33
BrianGr72327841,0.47,0.5,0.37,0.4,0.6,0.5,0.33
321Chapp,0.48,0.55,0.51,0.62,0.69,0.49,0.34
kushkandy95,0.21,0.28,0.25,0.29,0.12,0.32,0.28
DearDesigns,0.23,0.4,0.38,0.52,0.3,0.32,0.25
Juliet777777,0.52,0.47,0.49,0.52,0.43,0.32,0.58
fergusondiane08,0.3,0.3,0.21,0.27,0.37,0.25,0.13
equity4u2,0.57,0.965,0.78,0.16,0.7931471336512232,0.84,0.51
fitzie63,0.25,0.3,0.27,0.4,0.33,0.23,0.24
Anzers,0.24,0.32,0.32,0.37,0.34,0.27,0.19
PattiBerry31666,0.48,0.46,0.45,0.44,0.67,0.49,0.3
Kaladious,0.46,0.49,0.26,0.34,0.41,0.31,0.5
szymonuak,0.31,0.35,0.03,0.57,0.33,0.4,0.4
TrumpVirginia,0.45,0.8,0.32,0.53,0.73,0.7,0.36
Holmesdonna1,0.45,0.49,0.42,0.43,0.44,0.48,0.38
Wingzblessed,0.35,0.26,0.15,0.56,0.46,0.38333333333333336,0.26
tynmadimom,0.41,0.57,0.63,0.17,0.51,0.58,0.34
JohnABusinger,0.54,0.51,0.52,0.44,0.66,0.58,0.51
srrabon_,0.4,0.51,0.35,0.45,0.56,0.28,0.21
cbprincess5,0.26,0.24,0.24,0.48,0.28,0.11,0.24
PolFurn,0.38,0.37,0.12,0.31,0.43,0.45,0.29
DTeambanning,0.56,0.71,0.34,0.44,0.66,0.35,0.17
MaryEBarnes,0.51,0.41,0.48,0.49,0.4,0.34,0.28
rubylu18,0.31,0.32,0.32,0.52,0.34,0.26,0.23
nikshmatko,0.46,0.52,0.38,0.52,0.42,0.29,0.48
AmerPride777,0.23,0.29,0.29,0.46,0.3,0.27,0.23
FjmunoMunoz,0.33,0.46,0.52,0.43,0.67,0.54,0.37
ihearttrump1,0.38,0.45,0.21,0.4,0.44,0.25,0.2
KB_Indy,0.36,0.49,0.42,0.47,0.29,0.4,0.32
Trumpiit,0.28,0.35,0.39,0.24,0.24,0.41,0.12
Italians4Trump,0.43,0.5,0.21,0.5,0.38,0.22,0.46
DDlschnidt,0.49,0.48,0.63,0.52,0.69,0.48,0.35
akjc77,0.2,0.17,0.14,0.41,0.2,0.39,0.14
kimbers671,0.33,0.33,0.33,0.45,0.19,0.26,0.18
christine081579,0.49,0.46,0.29,0.5,0.61,0.4,0.5
muchmoresalt,0.38,0.38,0.22,0.37,0.33,0.35,0.3
LisaBarksdale3,0.5,0.5,0.51,0.41,0.57,0.47,0.41
MrsESK,0.75,0.48,0.21,0.64,0.78,0.46,0.32
MiriamRoseMc,0.54,0.47,0.34,0.51,0.65,0.52,0.33
Oscjay920,0.57,0.39,0.26,0.45,0.61,0.37,0.31
Peggy7172,0.29,0.3,0.38,0.38,0.18,0.39,0.16
Meeeedge,0.26,0.47,0.24,0.53,0.41,0.25,0.25
FIGHTINGVETERAN,0.34,0.4,0.4,0.51,0.19,0.22,0.24
amymariewillard,0.42,0.36,0.44,0.3,0.5,0.364,0.3
AnilNS425,0.33,0.37,0.12,0.31,0.27,0.25,0.26
big_carsonrocks,0.52,0.54,0.47,0.45,0.45,0.46,0.46
wmleemert,0.46,0.38,0.16,0.48,0.49,0.31,0.25
PoliticsNewz,0.84,0.64,0.16,0.38,0.63,0.43,0.9
ts65136,0.27,0.44,0.31,0.19,0.23,0.3,0.1
DianaBialkowski,0.29,0.37,0.12,0.63,0.32,0.27,0.3
HighFiv49807762,0.38,0.43,0.11,0.52,0.21,0.31,0.33
usaforyoubruv,0.35,0.38,0.09,0.45,0.34,0.24,0.23
squzzle,0.4,0.59,0.5,0.5,0.39,0.43,0.21
Neo99934,0.3,0.44,0.17,0.22,0.34,0.27,0.1
RealFKNNews,0.75,0.54,0.6,0.62,0.65,0.22,0.44
DMHord1,0.49,0.43,0.33,0.51,0.73,0.46,0.39
RanWote,0.43,0.48,0.46,0.53,0.55,0.47,0.46
railgirl1952,0.54,0.45,0.35,0.49,0.42,0.43,0.46
georgefayner,0.26,0.32,0.1,0.23,0.37,0.19,0.29
loverlips13,0.27,0.36,0.32,0.57,0.37,0.34,0.11
JamesS020770,0.32,0.24,0.3,0.42,0.34,0.15,0.24
Mrknd64AZ,0.46,0.44,0.33,0.56,0.64,0.49,0.33
bbodine18457,0.34,0.39,0.21,0.44,0.54,0.34,0.42
debgagahiggan,0.34,0.4,0.23,0.46,0.3,0.32,0.28
rockynickydog,0.58,0.49,0.3,0.51,0.64,0.36,0.33
Sheindie,0.26,0.32,0.35,0.6,0.28,0.29,0.27
pmswolfy,0.39,0.36,0.31,0.45,0.37,0.26,0.27
Ohboyboy22,0.47,0.4,0.35,0.43,0.42,0.42,0.32
rickbkylex,0.52,0.49,0.4,0.51,0.52,0.44,0.38
Ziplok_,0.62,0.49,0.41,0.52,0.36,0.16,0.42
worldnews_net,0.65,0.49,0.27,0.46,0.44,0.4,0.69
AppaloosaGuy,0.34,0.5,0.63,0.8402460533482703,0.7931471336512232,0.57,0.24
glassyelegance,0.34,0.43,0.4,0.52,0.3,0.34,0.25
ktd101551,0.3,0.26,0.19,0.28,0.3,0.21,0.27
KimberleeHicks3,0.46,0.46,0.46,0.41,0.65,0.47,0.3
rodgo34,0.35,0.49,0.49,0.14,0.37,0.41,0.47
bulldoghill,0.55,0.46,0.24,0.44,0.5,0.32,0.27
Paul55770744,0.62,0.44,0.43,0.29,0.7,0.41,0.27
meppenbrock,0.46,0.47,0.29,0.46,0.39,0.47,0.25
BollmerJason,0.48,0.43,0.47,0.39,0.6,0.54,0.28
CherokeeNative3,0.43,0.34,0.33,0.31,0.39,0.29,0.45
TRUMPNEXTPRES16,0.27,0.4,0.28,0.4,0.45,0.23,0.19
TroyBlayne,0.43,0.39,0.1,0.6,0.31,0.37,0.19
reesworld1,0.25,0.32,0.43,0.52,0.2,0.27,0.23
RKrsacarey,0.41,0.52,0.37,0.49,0.62,0.52,0.49
ThomasPickens1,0.45,0.71,0.88,0.95,0.58,0.65,0.16
MadBarbi,0.4,0.36,0.25,0.42,0.53,0.43,0.3
HunterHRC2016,0.34,0.41,0.23,0.38,0.19,0.22,0.17
agstup,0.4,0.38,0.45,0.49,0.59,0.38,0.39
Deplorable_Ed,0.41,0.44,0.35,0.39,0.39,0.254,0.26
kbari12,0.44,0.41,0.11,0.45,0.26,0.39,0.21
mhduff61,0.36,0.26,0.21,0.49,0.23,0.26,0.19
PaulObrienUSA,0.35,0.34,0.13,0.51,0.36,0.53,0.2
Lisa22545183,0.48,0.43,0.31,0.61,0.46,0.33,0.29
5StarLineups,0.34,0.43,0.14,0.37,0.34,0.37,0.4
TNrina,0.32,0.32,0.24,0.35,0.36,0.2,0.18
lovelaughterki1,0.2,0.48,0.1,0.13,0.37,0.24,0.11
OpalescentMoon,0.37,0.37,0.4,0.45,0.33,0.29,0.3
melgrissom,0.25,0.31,0.36,0.54,0.37,0.19,0.11
tamaraleighllc,0.52,0.41,0.34,0.45,0.41,0.38,0.69
oobed,0.22,0.48,0.37,0.38,0.36,0.32,0.12
starra78811933,0.46,0.53,0.53,0.59,0.71,0.49,0.45
karenmcallier,0.44,0.43,0.34,0.61,0.52,0.55,0.48
CathyTo47590555,0.37,0.34,0.44,0.51,0.35,0.46,0.36
Ace__of__Hearts,0.47,0.56,0.45,0.45,0.58,0.51,0.49
datrumpnation1,0.42,0.45,0.38,0.27,0.27,0.22,0.4
Difference30360,0.41,0.8,0.75,0.802,0.7931471336512232,0.74,0.12
NikkiJohn1976,0.25,0.41,0.41,0.39,0.28,0.41,0.36
LochnerWalter,0.51,0.32,0.39,0.35,0.56,0.29,0.29
cessjet,0.42,0.39,0.22,0.18,0.59,0.39,0.26
MsNanae5,0.48,0.38,0.19,0.31,0.6,0.29,0.06
lsosis,0.31,0.43,0.51,0.62,0.34,0.42,0.25
paniela100,0.35,0.29,0.14,0.5,0.39,0.38,0.37
KetzerHexe,0.38,0.39,0.39,0.5,0.53,0.44,0.28
TrumpusMaximus,0.56,0.8,0.77,0.7,0.27,0.65,0.9
JAYBOY6930,0.29,0.36,0.31,0.45,0.39,0.33,0.24
yerzinia1,0.16,0.4,0.28,0.32,0.37,0.34,0.26
redsonic17,0.35,0.44,0.54,0.31,0.2,0.38,0.37
saveusrepublic2,0.5,0.35,0.42,0.59,0.68,0.39,0.51
tdobbs431,0.34,0.3,0.28,0.34,0.44,0.31,0.32
PatriciaOakes11,0.35,0.41,0.24,0.57,0.31,0.34,0.25
JohnGab69864771,0.23,0.4,0.15,0.2,0.37,0.31,0.35
smbren007,0.29,0.41,0.55,0.19,0.32,0.29,0.04
DeplorableVik,0.33,0.31,0.26,0.42,0.24,0.32,0.32
Cynthia_Jeanne3,0.31,0.3,0.16,0.38,0.4,0.06,0.44
SoulFlyTry,0.31,0.27,0.26,0.47,0.18,0.28,0.2
megrod2778,0.46,0.35,0.72,0.35,0.43,0.54,0.44
leilaibi,0.27,0.19,0.27,0.28,0.41,0.21,0.27
Only__Trump,0.29,0.45,0.15,0.41,0.3,0.23,0.26
damonbethea1,0.51,0.45,0.28,0.33,0.53,0.34,0.3
jyonko77,0.54,0.35,0.44,0.32,0.6,0.35,0.35
dfc576,0.5,0.35,0.42,0.52,0.43,0.32,0.23
RockMetalKittyX,0.39,0.28,0.17,0.45,0.34,0.35,0.38
rk55mk,0.44,0.43,0.29,0.46,0.52,0.51,0.3
Nate_The_Gr8__,0.43,0.59,0.63,0.33,0.31,0.49,0.44
Tarkan291,0.38,0.42,0.13,0.36,0.41,0.48,0.34
bannerite,0.48,0.31,0.37,0.38,0.35,0.25,0.49
MikeGra34000775,0.51,0.53,0.51,0.57,0.54,0.44,0.38
lightning_grl,0.36,0.33,0.26,0.51,0.31,0.19,0.14
hartv15,0.51,0.45,0.33,0.47,0.34,0.42,0.42
RocketIsSix,0.44,0.14,0.12,0.37,0.67,0.18,0.26
wood_brdwood68,0.39,0.41,0.26,0.56,0.44,0.37,0.41
debilu2,0.22,0.4,0.27,0.51,0.21,0.46,0.28
MaryFass3,0.36,0.41,0.51,0.39,0.39,0.24,0.22
superjosefa,0.28,0.32,0.19,0.57,0.4,0.23,0.2
cmurchisonn,0.33,0.45,0.25,0.32,0.41,0.46,0.29
EdSkipper,0.39,0.41,0.21,0.27,0.49,0.27,0.25
Darren32895836,0.63,0.46,0.38,0.63,0.56,0.21,0.58
ronmolina,0.22,0.38,0.16,0.29,0.47,0.27,0.02
curtismuddog,0.22,0.27,0.21,0.41,0.29,0.48,0.14
snowball325,0.42,0.41,0.44,0.5,0.54,0.47,0.24
Dazie13,0.3,0.34,0.38,0.3,0.39,0.37,0.23
CkcGrandmac,0.28,0.27,0.12,0.38,0.25,0.13,0.21
KallieTinSC,0.34,0.32,0.26,0.55,0.38,0.55,0.28
mlhgoodwin19,0.39,0.51,0.4,0.17,0.43,0.49,0.23
DoctorWerner44,0.35,0.37,0.17,0.37,0.42,0.25,0.23
we3rus,0.49,0.39,0.33,0.32,0.56,0.41,0.38
MsContrarianSci,0.6,0.58,0.29,0.55,0.56,0.38,0.33
1776FREEDOMNOW,0.47,0.54,0.42,0.31,0.63,0.52,0.27
redrawings,0.33,0.4,0.6,0.55,0.47,0.38,0.29
susihoffman5,0.46,0.51,0.52,0.4,0.65,0.46,0.37
LoveStephanysco,0.63,0.6,0.41,0.63,0.68,0.45,0.33
enfingercolton2,0.52,0.56,0.34,0.4,0.5,0.52,0.46
ThomasBialek2,0.37,0.44,0.25,0.49,0.3,0.42,0.25
edmondsburnaby,0.26,0.23,0.21,0.52,0.3,0.12,0.23
cferrer777,0.52,0.54,0.48,0.38,0.71,0.37,0.49
HomeofFOX,0.55,0.76,0.34,0.64,0.62,0.65,0.5
CarlosG1914,0.56,0.57,0.13,0.31,0.4,0.43,0.58
Lehigh389,0.39,0.55,0.31,0.42,0.51,0.43,0.48
bostonnewslocal,0.59,0.58,0.44,0.49,0.61,0.47,0.54
LiliMoM,0.25,0.36,0.14,0.54,0.35,0.33,0.36
penneyewart,0.35,0.37,0.43,0.58,0.57,0.46,0.45
Jenokooter,0.4,0.5,0.22,0.39,0.39,0.39,0.2
KittsNews,0.64,0.64,0.28,0.61,0.67,0.43,0.75
FreedomChild3,0.4,0.45,0.31,0.52,0.41,0.41,0.58
FriendlyJMC,0.4,0.39,0.28,0.44,0.38,0.23,0.54
JrcheneyJohn,0.44,0.44,0.25,0.41,0.34,0.33,0.69
lynmacjay,0.32,0.39,0.3,0.52,0.36,0.34,0.3
LeahR77,0.57,0.36,0.31,0.5,0.5,0.45,0.83
CatsMeow2222,0.3,0.43,0.39,0.44,0.33,0.46,0.22
Nancygr54079131,0.48,0.58,0.43,0.56,0.6,0.59,0.39
woodseysmith,0.22,0.31,0.23,0.61,0.32,0.24,0.18
mikesmith8026,0.46,0.49,0.48,0.62,0.38,0.44,0.3
StephMcMurphy,0.44,0.31,0.15,0.41,0.41,0.34,0.19
Todzilla315,0.36,0.48,0.61,0.32,0.34,0.4,0.24
fire123p,0.48,0.49,0.44,0.46,0.34,0.44,0.42
AmericaVotes16,0.54,0.89,0.85,0.8402460533482703,0.7931471336512232,0.89,0.23
TrumpAmerica17,0.26,0.45,0.25,0.39,0.24,0.44,0.19
M_Montalvo_2011,0.6,0.34,0.16,0.27,0.65,0.34,0.22
solmartpropert1,0.53,0.46,0.44,0.65,0.71,0.47,0.66
clanu2,0.41,0.43,0.39,0.36,0.5,0.42,0.51
jude888rl,0.14,0.36,0.22,0.18,0.22,0.22,0.16
LynnStefie,0.36,0.46,0.42,0.56,0.39,0.44,0.28
Cookiemuffen,0.41,0.48,0.1,0.25,0.38,0.27,0.06
saminhim,0.49,0.45,0.37,0.66,0.55,0.28,0.25
USAHipster,0.46,0.37,0.45,0.44,0.52,0.35,0.49
DianaFry18,0.57,0.55,0.56,0.59,0.46,0.43,0.45
czehner31,0.34,0.41,0.26,0.36,0.37,0.44,0.24
yuuji_K1,0.6,0.47,0.42,0.42,0.5,0.52,0.53
debbietexaslg,0.42,0.42,0.19,0.42,0.54,0.26,0.37
DabyBaby,0.52,0.4,0.43,0.33,0.62,0.42,0.28
hildur789,0.48,0.5,0.49,0.58,0.48,0.5,0.18
sherrycville,0.38,0.46,0.19,0.13,0.37,0.46,0.08
ImDanielAddison,0.45,0.46,0.29,0.55,0.57,0.57,0.36
tweetofclay,0.44,0.56,0.43,0.51,0.35,0.41,0.3
hockymom5,0.26,0.44,0.38,0.53,0.27,0.41,0.17
KLDUDE,0.33,0.4,0.21,0.29,0.37,0.22,0.13
DarHuddleston,0.35,0.34,0.4,0.44,0.35,0.2,0.49
Axelrod_EJ,0.26,0.29,0.28,0.46,0.35,0.28,0.28
FaircloughKeith,0.57,0.61,0.34,0.36,0.6,0.5,0.25
Dollfinish,0.2,0.22,0.13,0.46,0.26,0.18,0.27
stevenj60329854,0.37,0.39,0.16,0.51,0.33,0.3,0.21
bjw2112,0.46,0.39,0.32,0.47,0.49,0.25,0.32
AnnieSpiczak,0.3,0.36,0.28,0.47,0.31,0.32,0.19
TheUnravelled,0.5233333333333333,0.725,0.48,0.8402460533482703,0.7931471336512232,0.84,0.43
njbeach15,0.29,0.3,0.27,0.29,0.28,0.2,0.18
caroljdavy,0.5,0.44,0.59,0.5,0.56,0.44,0.39
ECONEWSN1,0.5,0.62,0.53,0.6778379110883154,0.77,0.79,0.32
TheKidJNel7,0.41,0.49,0.79,0.45,0.4,0.6,0.48
MemphisGrits2,0.35,0.37,0.22,0.4,0.38,0.35,0.27
Montana0323,0.44,0.3,0.1,0.51,0.28,0.34,0.42
Damn_Penguin,0.36,0.39,0.43,0.46,0.43,0.41,0.28
svagdis,0.21,0.32,0.13,0.37,0.18,0.16,0.12
realtortto,0.13,0.34,0.02,0.28,0.21,0.15,0.08
northbeachsusan,0.2,0.21,0.12,0.34,0.37,0.3,0.17
8simon9,0.4,0.4,0.24,0.48,0.52,0.37,0.32
AdamsFlaFan,0.54,0.47,0.22,0.33,0.52,0.23,0.55
thehill,0.59,0.54,0.53,0.59,0.52,0.48,0.22
DougDoodles,0.37,0.43,0.37,0.51,0.31,0.45,0.38
DonaId_Trump_,0.54,0.44,0.25,0.29,0.61,0.37,0.35
osifervic,0.49,0.5,0.45,0.54,0.72,0.55,0.36
TrumpPenceUSA1,0.52,0.32,0.47,0.44,0.44,0.37,0.6
ronaadams63,0.37,0.44,0.21,0.37,0.46,0.45,0.25
Luandrew169,0.59,0.64,0.3,0.63,0.63,0.29,0.48
Benross75,0.33,0.24,0.2,0.6,0.21,0.23,0.32
millpug,0.25,0.46,0.17,0.29,0.41,0.22,0.06
cybella,0.32,0.27,0.28,0.44,0.28,0.29,0.17
sandyriccobono,0.45,0.63,0.41,0.54,0.66,0.42,0.37
ad938bfbaa1849c,0.27,0.35,0.25,0.35,0.31,0.45,0.3
RichardTBurnett,0.56,0.41,0.31,0.49,0.6,0.23,0.62
siaayrom,0.32,0.44,0.2,0.37,0.38,0.3,0.2
sueettaparks,0.43,0.47,0.32,0.34,0.61,0.55,0.38
wallyandawn,0.52,0.4,0.39,0.56,0.59,0.37,0.56
SusieLukas,0.16,0.31,0.25,0.33,0.18,0.34,0.21
DebNC93,0.48,0.42,0.31,0.4,0.59,0.59,0.18
christii103,0.39,0.6,0.25,0.34,0.64,0.36,0.31
Dovewoman1,0.28,0.29,0.44,0.48,0.16,0.38,0.24
TomNeri1,0.26,0.32,0.26,0.38,0.3,0.22,0.19
jhjulian1956,0.5,0.52,0.62,0.61,0.72,0.48,0.31
slava381977,0.72,0.6,0.21,0.48,0.66,0.3,0.65
Azingra76,0.29,0.31,0.45,0.49,0.2,0.24,0.19
FOXcouk,0.43,0.66,0.51,0.59,0.62,0.59,0.49
Rz88Tom,0.3,0.54,0.42,0.29,0.33,0.4066666666666666,0.43
justonepatriot,0.3,0.3,0.21,0.46,0.34,0.34,0.26
LochTheScot,0.39,0.39,0.27,0.4,0.34,0.32,0.26
Collette_AZ,0.36,0.44,0.26,0.6,0.31,0.27,0.3
Cfuakins2,0.35,0.39,0.14,0.52,0.2,0.33,0.12
ikassemdallas,0.35,0.3,0.16,0.2,0.5,0.37,0.07
TigCook,0.39,0.44,0.45,0.58,0.5,0.46,0.32
AzDeplorable,0.48,0.43,0.09,0.65,0.33,0.18,0.29
merrow_a,0.38,0.38,0.22,0.39,0.32,0.3,0.18
RobertBrickner,0.27,0.31,0.44,0.29,0.32,0.39,0.19
Christalsea,0.28,0.52,0.4,0.21,0.3,0.31,0.35
JamesSandiford2,0.41,0.47,0.34,0.48,0.46,0.3,0.64
crazylary51,0.47,0.51,0.24,0.48,0.29,0.35,0.46
CIndyStarbuck,0.34,0.34,0.16,0.52,0.2,0.47,0.27
PascoRevolution,0.74,0.73,0.54,0.56,0.82,0.61,0.49
CJCboi,0.33,0.28,0.34,0.63,0.3,0.27,0.21
sandiv11,0.29,0.21,0.25,0.46,0.33,0.22,0.29
BarbB0925,0.4,0.45,0.41,0.46,0.22,0.4,0.35
demscheat,0.4,0.3,0.37,0.42,0.33,0.35,0.45
kimbosa24,0.39,0.45,0.14,0.38,0.3,0.17,0.17
joecuts134,0.52,0.26,0.13,0.26,0.61,0.12,0.28
cplbhvac,0.3,0.3,0.11,0.38,0.29,0.13,0.14
SkyeShepard,0.34,0.29,0.26,0.43,0.31,0.17,0.45
QuitFreeLoading,0.31,0.38,0.31,0.45,0.36,0.17,0.19
PA_for_Trump,0.28,0.35,0.2,0.33,0.25,0.28,0.23
Lindaco74692732,0.4,0.35,0.46,0.38,0.48,0.35,0.21
mcarsonaos,0.43,0.42,0.51,0.47,0.53,0.51,0.27
AmazingSOP1,0.49,0.53,0.39,0.44,0.62,0.53,0.34
AliceBallard27,0.31,0.39,0.51,0.46,0.33,0.64,0.33
1stThunderThief,0.42,0.48,0.43,0.36,0.66,0.45,0.41
GL68064457,0.4,0.29,0.18,0.4,0.3,0.36,0.21
RebeccaYeung5,0.19,0.42,0.18,0.27,0.26,0.33,0.12
Cindy_52s,0.24,0.46,0.35,0.4,0.26,0.22,0.25
thisgirldontply,0.51,0.29,0.34,0.46,0.62,0.19,0.26
BerkowitzAnne,0.51,0.44,0.44,0.63,0.67,0.32,0.28
Shekina29292890,0.36,0.35,0.26,0.35,0.31,0.18,0.26
MomWifeGrammy,0.3,0.41,0.24,0.49,0.35,0.44,0.25
JoanneCangal,0.44,0.37,0.2,0.42,0.48,0.37,0.33
danielgullo,0.66,0.63,0.42,0.74,0.64,0.42,0.41
QuisUtDeus7,0.25,0.29,0.33,0.41,0.3,0.17,0.12
deronda_sears,0.34,0.3,0.24,0.43,0.31,0.26,0.1
ReconmomC,0.24,0.37,0.31,0.46,0.3,0.36,0.15
icecreamdude2,0.3,0.44,0.16,0.41,0.31,0.44,0.34
sunnyherring1,0.38,0.42,0.26,0.47,0.47,0.5,0.3
stickyfacts,0.36,0.41,0.07,0.59,0.34,0.43,0.21
CherylAschenbr2,0.31,0.19,0.19,0.5,0.19,0.29,0.26
texasfrederick,0.26,0.31,0.3,0.58,0.28,0.48,0.36
KamalaSimmons2,0.21,0.39,0.21,0.18,0.21,0.13,0.02
gsarnoldjr,0.43,0.55,0.18,0.17,0.46,0.27,0.29
003a04f8c2054b7,0.28,0.31,0.15,0.46,0.32,0.22,0.3
sheilamterry1,0.47,0.45,0.41,0.42,0.46,0.32,0.26
AnnaAlvarez1992,0.82,0.68,0.38,0.75,0.72,0.57,0.72
gregory_cerge,0.38,0.35,0.27,0.3,0.56,0.21,0.4
noah1981us,0.42,0.59,0.31,0.38,0.7,0.54,0.48
TrumpIsTheBoss3,0.26,0.35,0.11,0.45,0.29,0.16,0.33
carielesviolet2,0.67,0.82,0.19,0.42,0.67,0.55,0.53
rockriver_,0.38,0.44,0.27,0.44,0.33,0.4,0.29
Josephjmontele2,0.39,0.49,0.56,0.19,0.43,0.39,0.54
isavega2017,0.45,0.38,0.24,0.51,0.36,0.51,0.17
WhitegearyGeary,0.46,0.42,0.13,0.41,0.37,0.34,0.18
Victori71012315,0.42,0.41,0.31,0.36,0.31,0.38,0.38
Trumpwinner,0.3,0.42,0.14,0.32,0.29,0.31,0.27
Bella_DAndalora,0.57,0.57,0.35,0.59,0.59,0.27,0.45
DirtyUnkuls,0.51,0.48,0.37,0.52,0.29,0.59,0.65
drzevetchin,0.32,0.3,0.24,0.55,0.3,0.27,0.24
pw1331,0.31,0.46,0.26,0.48,0.42,0.28,0.27
korrifoster,0.43,0.35,0.32,0.62,0.43,0.16,0.28
kennedy_cindi,0.38,0.32,0.42,0.56,0.4,0.23,0.33
elizabeth28536,0.19,0.47,0.33,0.32,0.26,0.34,0.18
lakeemk,0.62,0.5,0.14,0.43,0.58,0.44,0.19
fwdcrocblu,0.29,0.3,0.14,0.38,0.27,0.32,0.22
KnudsenColleen,0.45,0.38,0.4,0.52,0.22,0.5,0.32
puppymnkey,0.4,0.21,0.25,0.38,0.24,0.33,0.65
trumpfnd,0.59,0.5,0.2,0.35,0.68,0.54,0.37
gmiller1952,0.42,0.37,0.19,0.36,0.28,0.29,0.37
MaryLoveUS4,0.6683333333333334,0.63,0.32,0.5948049155145929,0.74,0.66,0.63
MMaria03146111,0.55,0.44,0.53,0.38,0.61,0.46,0.35
CarolBr41960083,0.41,0.37,0.23,0.48,0.63,0.15,0.25
mglessman,0.41,0.33,0.4,0.53,0.28,0.35,0.22
grammy620,0.41,0.3,0.28,0.42,0.43,0.2,0.24
susanattleta,0.22,0.29,0.28,0.29,0.25,0.23,0.22
meganmckenzie94,0.41,0.34,0.21,0.32,0.43,0.32,0.38
TrumpIsTheTrue,0.59,0.63,0.59,0.66,0.61,0.6,0.61
herself311,0.17,0.26,0.14,0.26,0.36,0.31,0.1
beckypike34,0.36,0.45,0.32,0.46,0.23,0.38,0.31
Heeeellllooooo,0.27,0.41,0.42,0.4,0.33,0.29,0.32
AmyRose77253769,0.43,0.41,0.37,0.38,0.59,0.43,0.3
roomato,0.48,0.48,0.46,0.42,0.61,0.39,0.38
EDMATIK,0.51,0.49,0.62,0.49,0.49,0.58,0.44
Debi129,0.26,0.31,0.38,0.3,0.3,0.31,0.16
ForQ2,0.33,0.31,0.28,0.39,0.26,0.37,0.24
TomMentzel,0.43,0.39,0.33,0.18,0.63,0.25,0.15
jhead77,0.55,0.54,0.42,0.56,0.62,0.48,0.32
AyneRande,0.58,0.63,0.93,0.7853714270889905,0.7931471336512232,0.77,0.48
PolyPatriot,0.3,0.31,0.29,0.41,0.31,0.43,0.25
Quicksilver2723,0.37,0.4,0.28,0.23,0.36,0.4,0.12
DebAlwaystrump,0.6,0.54,0.4,0.41,0.65,0.39,0.59
smaddiebird,0.24,0.31,0.23,0.59,0.27,0.4,0.21
NewsRepublicans,0.64,0.56,0.39,0.56,0.79,0.57,0.54
asyoureadthis,0.3,0.41,0.3,0.4,0.31,0.264,0.22
BobbyAnnF,0.39,0.38,0.23,0.35,0.39,0.26,0.21
luandalobito,0.34,0.31,0.3,0.49,0.64,0.42,0.29
rgreen00,0.5,0.59,0.47,0.38,0.58,0.46,0.38
nobamanoway,0.51,0.45,0.43,0.5,0.42,0.34,0.36
LyleKlich,0.29,0.35,0.14,0.39,0.36,0.23,0.15
CiAnDy3,0.37,0.51,0.46,0.16,0.45,0.37,0.14
Seirra75,0.31,0.26,0.16,0.4,0.35,0.29,0.26
sheacollagen,0.37,0.27,0.36,0.51,0.41,0.23,0.21
Gitmo275,0.37,0.47,0.17,0.32,0.26,0.44,0.14
heitmany,0.41,0.53,0.35,0.7,0.32,0.53,0.32
KDScioscia,0.38,0.36,0.09,0.44,0.4,0.26,0.31
Emy4Trump,0.69,0.61,0.41,0.6,0.64,0.69,0.53
SharryDu,0.42,0.58,0.29,0.44,0.47,0.52,0.3
DMMadora,0.33,0.38,0.17,0.4,0.32,0.24,0.14
OveckaHelen,0.28,0.39,0.45,0.56,0.47,0.34,0.29
cajunkallie,0.53,0.27,0.2,0.37,0.61,0.32,0.08
EnvyMeGreatly,0.35,0.28,0.38,0.48,0.47,0.36,0.13
winegirl73,0.53,0.52,0.48,0.54,0.7,0.31,0.32
sheacamm,0.44,0.36,0.2,0.45,0.65,0.31,0.37
dwulke,0.31,0.47,0.35,0.39,0.32,0.45,0.34
CallMeTweetie70,0.13,0.24,0.24,0.37,0.21,0.36,0.2
Balind8,0.55,0.45,0.45,0.48,0.67,0.54,0.51
Len21878832,0.46,0.54,0.58,0.48,0.3,0.46,0.53
53kalevasJanice,0.48,0.56,0.39,0.3,0.68,0.42,0.3
2leeteam,0.55,0.88,0.71,0.34,0.7931471336512232,0.79,0.47
blawatid,0.34,0.38,0.4,0.32,0.39,0.42,0.31
Destinbeach22,0.44,0.4,0.15,0.36,0.33,0.22,0.53
LaneSadalup,0.5,0.49,0.52,0.56,0.5,0.5,0.5
DebiDkruse,0.22,0.39,0.19,0.35,0.24,0.16,0.2
cciedotnyc,0.44,0.29,0.14,0.43,0.3,0.44,0.35
PC_CRIMINAL,0.37,0.53,0.35,0.34,0.42,0.34,0.11
Kimber4Trump,0.46,0.29,0.44,0.53,0.44,0.39,0.24
RebeccaL1955,0.28,0.33,0.07,0.45,0.32,0.33,0.33
steph93065,0.39,0.41,0.2,0.38,0.31,0.21,0.72
mariasolnevada,0.37,0.47,0.26,0.34,0.33,0.36,0.24
ellen56421422,0.5,0.39,0.39,0.43,0.66,0.39,0.58
Wayne66561612,0.45,0.3,0.1,0.21,0.61,0.17,0.19
Trumpstdr,0.4,0.5,0.35,0.47,0.43,0.4,0.45
oklegacy,0.32,0.27,0.14,0.38,0.35,0.31,0.19
Shalom555222,0.28,0.35,0.39,0.36,0.42,0.34,0.38
VoiceOverPerson,0.43,0.41,0.38,0.49,0.52,0.19,0.28
bulldogfinance,0.48,0.57,0.57,0.44,0.52,0.5,0.3
ramrhonda,0.38,0.39,0.36,0.59,0.29,0.24,0.25
AnnaApp91838450,0.3,0.42,0.05,0.49,0.35,0.51,0.25
Olliecj2009,0.49,0.49,0.35,0.5,0.47,0.47,0.3
Soapfangh50,0.36,0.3,0.19,0.42,0.41,0.19,0.36
lindajoy54,0.16,0.29,0.25,0.25,0.3,0.22,0.09
irishchick814,0.46,0.49,0.23,0.31,0.51,0.19,0.22
ntvnyr173,0.35,0.39,0.51,0.32,0.28,0.43,0.21
Boots27boots,0.48,0.59,0.54,0.51,0.66,0.4,0.45
nochangeplease,0.26,0.44,0.39,0.45,0.27,0.24,0.27
eva48w4,0.48,0.51,0.3,0.45,0.5,0.55,0.43
citizenjo,0.37,0.28,0.37,0.47,0.22,0.26,0.08
Holly25Marie,0.35,0.41,0.23,0.25,0.39,0.43,0.45
neptune7321,0.46,0.48,0.54,0.72,0.57,0.46,0.38
davidki21550273,0.39,0.58,0.67,0.35,0.59,0.49,0.32
Ir2much4u,0.34,0.38,0.34,0.51,0.29,0.17,0.2
asksanj,0.37,0.51,0.28,0.29,0.48,0.51,0.29
USAneedsTRUMP,0.3,0.24,0.33,0.36,0.25,0.2,0.44
tigertrollz2,0.38,0.42,0.29,0.35,0.34,0.36,0.57
bowen_megan78,0.42,0.5,0.3,0.54,0.47,0.4,0.18
vnuek,0.63,0.43,0.37,0.59,0.68,0.23,0.4
psmccusker,0.32,0.47,0.32,0.45,0.36,0.55,0.31
jarianatori,0.23,0.25,0.21,0.23,0.35,0.24,0.35
mrred549,0.48,0.45,0.43,0.54,0.3,0.46,0.18
beesandbtterfly,0.16,0.45,0.31,0.33,0.44,0.32,0.31
davidpsdem,0.45,0.39,0.51,0.38,0.39,0.44,0.31
JJJJPI4444,0.39,0.25,0.31,0.46,0.39,0.36,0.49
msholmes2U,0.47,0.48,0.64,0.61,0.67,0.44,0.2
f77a9c24c7f9451,0.54,0.5,0.3,0.42,0.63,0.47,0.27
bowhunter_va,0.43,0.42,0.35,0.43,0.42,0.3,0.57
64dodger,0.31,0.21,0.5,0.31,0.55,0.22,0.23
theblazingtruth,0.38,0.65,0.62,0.25,0.84,0.64,0.26
deploableDrea,0.48,0.43,0.56,0.46,0.58,0.46,0.47
Mo_An2016,0.36,0.28,0.32,0.5,0.39,0.3,0.36
Zayedfamily1,0.34,0.5,0.41,0.47,0.29,0.5,0.61
